Query,Market
CDL Driver Trenton NJ,Trenton
CDL Driver Ewing Township NJ,Trenton
CDL Driver Hamilton NJ,Trenton
CDL Driver Lawrence NJ,Trenton
CDL Driver Princeton NJ,Trenton
CDL Driver Bordentown NJ,Trenton
CDL Driver Yardley PA,Trenton
CDL Driver New Brunswick NJ,Trenton
CDL Driver East Windsor NJ,Trenton
CDL Driver West Windsor NJ,Trenton
CDL Driver Hopewell Township NJ,Trenton
CDL Driver Levittown PA,Trenton
CDL Driver Bristol PA,Trenton
CDL Driver Burlington NJ,Trenton
CDL Driver Willingboro NJ,Trenton
CDL Driver Mount Holly NJ,Trenton
CDL Driver Robbinsville NJ,Trenton
CDL Driver Hightstown NJ,Trenton
CDL Driver Pennington NJ,Trenton
CDL Driver Morrisville PA,Trenton
CDL Driver Langhorne PA,Trenton
CDL Driver San Francisco CA,Bay Area
CDL Driver Oakland CA,Bay Area
CDL Driver Berkeley CA,Bay Area
CDL Driver Daly City CA,Bay Area
CDL Driver San Mateo CA,Bay Area
CDL Driver South San Francisco CA,Bay Area
CDL Driver San Bruno CA,Bay Area
CDL Driver Redwood City CA,Bay Area
CDL Driver Palo Alto CA,Bay Area
CDL Driver Hayward CA,Bay Area
CDL Driver Fremont CA,Bay Area
CDL Driver Walnut Creek CA,Bay Area
CDL Driver Concord CA,Bay Area
CDL Driver Richmond CA,Bay Area
CDL Driver San Rafael CA,Bay Area
CDL Driver Campbell CA,Bay Area
CDL Driver Rohnert Park CA,Bay Area
CDL Driver San Jose CA,Bay Area
CDL Driver Fairfield CA,Bay Area
CDL Driver Napa CA,Bay Area
CDL Driver Saratoga CA,Bay Area
CDL Driver Suisun City CA,Bay Area
CDL Driver Milpitas CA,Bay Area
CDL Driver Santa Rosa CA,Bay Area
CDL Driver Sunnyvale CA,Bay Area
CDL Driver Vallejo CA,Bay Area
CDL Driver Antioch CA,Bay Area
CDL Driver Las Vegas NV,Las Vegas
CDL Driver North Las Vegas NV,Las Vegas
CDL Driver Henderson NV,Las Vegas
CDL Driver Sunrise Manor NV,Las Vegas
CDL Driver Winchester NV,Las Vegas
CDL Driver Paradise NV,Las Vegas
CDL Driver Spring Valley NV,Las Vegas
CDL Driver Boulder City NV,Las Vegas
CDL Driver Whitney NV,Las Vegas
CDL Driver Mount Charleston NV,Las Vegas
CDL Driver Goodsprings NV,Las Vegas
CDL Driver Lincoln City NV,Las Vegas
CDL Driver Moapa Town NV,Las Vegas
CDL Driver Indian Springs NV,Las Vegas
CDL Driver Primm NV,Las Vegas
CDL Driver Houston TX,Houston
CDL Driver West University Place TX,Houston
CDL Driver Bellaire TX,Houston
CDL Driver Jacinto City TX,Houston
CDL Driver Galena Park TX,Houston
CDL Driver South Houston TX,Houston
CDL Driver Pasadena TX,Houston
CDL Driver Pearland TX,Houston
CDL Driver Missouri City TX,Houston
CDL Driver Stafford TX,Houston
CDL Driver Deer Park TX,Houston
CDL Driver Channelview TX,Houston
CDL Driver Humble TX,Houston
CDL Driver Katy TX,Houston
CDL Driver Cypress TX,Houston
CDL Driver League City TX,Houston
CDL Driver Baytown TX,Houston
CDL Driver La Porte TX,Houston
CDL Driver Conroe TX,Houston
CDL Driver Texas City TX,Houston
CDL Driver Sealy TX,Houston
CDL Driver Anahuac TX,Houston
CDL Driver Willis TX,Houston
CDL Driver Prairie View TX,Houston
CDL Driver Cleveland TX,Houston
CDL Driver San Bernardino CA,Inland Empire
CDL Driver Fontana CA,Inland Empire
CDL Driver Riverside CA,Inland Empire
CDL Driver Ontario CA,Inland Empire
CDL Driver Rancho Cucamonga CA,Inland Empire
CDL Driver Redlands CA,Inland Empire
CDL Driver Colton CA,Inland Empire
CDL Driver Corona CA,Inland Empire
CDL Driver Moreno Valley CA,Inland Empire
CDL Driver Rialto CA,Inland Empire
CDL Driver Upland CA,Inland Empire
CDL Driver Chino CA,Inland Empire
CDL Driver Highland CA,Inland Empire
CDL Driver Grand Terrace CA,Inland Empire
CDL Driver Fullerton CA,Inland Empire
CDL Driver Temecula CA,Inland Empire
CDL Driver Anaheim CA,Inland Empire
CDL Driver La Habra CA,Inland Empire
CDL Driver Apple Valley CA,Inland Empire
CDL Driver Brea CA,Inland Empire
CDL Driver El Monte CA,Inland Empire
CDL Driver Orange CA,Inland Empire
CDL Driver Santa Ana CA,Inland Empire
CDL Driver Irvine CA,Inland Empire
CDL Driver Pomona CA,Inland Empire
CDL Driver Garden Grove CA,Inland Empire
CDL Driver Big Bear Lake CA,Inland Empire
CDL Driver Hesperia CA,Inland Empire
CDL Driver Victorville CA,Inland Empire
CDL Driver Beaumont CA,Inland Empire
CDL Driver Phoenix AZ,Phoenix
CDL Driver Mesa AZ,Phoenix
CDL Driver Scottsdale AZ,Phoenix
CDL Driver Tempe AZ,Phoenix
CDL Driver Gilbert AZ,Phoenix
CDL Driver Glendale AZ,Phoenix
CDL Driver Chandler AZ,Phoenix
CDL Driver Peoria AZ,Phoenix
CDL Driver Avondale AZ,Phoenix
CDL Driver Goodyear AZ,Phoenix
CDL Driver Surprise AZ,Phoenix
CDL Driver Sun City AZ,Phoenix
CDL Driver Sun City West AZ,Phoenix
CDL Driver Apache Junction AZ,Phoenix
CDL Driver Fountain Hills AZ,Phoenix
CDL Driver Queen Creek AZ,Phoenix
CDL Driver Black Canyon City AZ,Phoenix
CDL Driver Wittmann AZ,Phoenix
CDL Driver Casa Grande AZ,Phoenix
CDL Driver Denver CO,Denver
CDL Driver Aurora CO,Denver
CDL Driver Lakewood CO,Denver
CDL Driver Thornton CO,Denver
CDL Driver Arvada CO,Denver
CDL Driver Westminster CO,Denver
CDL Driver Centennial CO,Denver
CDL Driver Highlands Ranch CO,Denver
CDL Driver Englewood CO,Denver
CDL Driver Littleton CO,Denver
CDL Driver Parker CO,Denver
CDL Driver Broomfield CO,Denver
CDL Driver Brighton CO,Denver
CDL Driver Commerce City CO,Denver
CDL Driver Boulder CO,Denver
CDL Driver Greeley CO,Denver
CDL Driver Longmont CO,Denver
CDL Driver Loveland CO,Denver
CDL Driver Shawnee CO,Denver
CDL Driver Buffalo Creek CO,Denver
CDL Driver Milliken CO,Denver
CDL Driver Bailey CO,Denver
CDL Driver Berthoud CO,Denver
CDL Driver Byers CO,Denver
CDL Driver Georgetown CO,Denver
CDL Driver Lyons CO,Denver
CDL Driver Stockton CA,Stockton
CDL Driver Lodi CA,Stockton
CDL Driver Manteca CA,Stockton
CDL Driver Tracy CA,Stockton
CDL Driver Modesto CA,Stockton
CDL Driver Ripon CA,Stockton
CDL Driver Turlock CA,Stockton
CDL Driver Oakdale CA,Stockton
CDL Driver Escalon CA,Stockton
CDL Driver Lathrop CA,Stockton
CDL Driver Mountain House CA,Stockton
CDL Driver Pleasanton CA,Stockton
CDL Driver Jackson CA,Stockton
CDL Driver Newark NJ,Newark
CDL Driver Jersey City NJ,Newark
CDL Driver Elizabeth NJ,Newark
CDL Driver Union City NJ,Newark
CDL Driver East Orange NJ,Newark
CDL Driver Irvington NJ,Newark
CDL Driver Harrison NJ,Newark
CDL Driver Kearny NJ,Newark
CDL Driver Bloomfield NJ,Newark
CDL Driver West Orange NJ,Newark
CDL Driver Montclair NJ,Newark
CDL Driver Clifton NJ,Newark
CDL Driver Bayonne NJ,Newark
CDL Driver Belleville NJ,Newark
CDL Driver Orange NJ,Newark
CDL Driver Hillside NJ,Newark
CDL Driver North Arlington NJ,Newark
CDL Driver Nutley NJ,Newark
CDL Driver Lyndhurst NJ,Newark
CDL Driver White Plains NY,Newark
CDL Driver Paterson NJ,Newark
CDL Driver Yonkers NY,Newark
CDL Driver New Rochelle NY,Newark
CDL Driver Stamford CT,Newark
CDL Driver Edison NJ,Newark
CDL Driver Dallas TX,Dallas
CDL Driver Fort Worth TX,Dallas
CDL Driver Arlington TX,Dallas
CDL Driver Irving TX,Dallas
CDL Driver Garland TX,Dallas
CDL Driver Grand Prairie TX,Dallas
CDL Driver Plano TX,Dallas
CDL Driver Mesquite TX,Dallas
CDL Driver Carrollton TX,Dallas
CDL Driver Richardson TX,Dallas
CDL Driver Lewisville TX,Dallas
CDL Driver Frisco TX,Dallas
CDL Driver McKinney TX,Dallas
CDL Driver Allen TX,Dallas
CDL Driver Flower Mound TX,Dallas
CDL Driver Denton TX,Dallas
CDL Driver The Colony TX,Dallas
CDL Driver Euless TX,Dallas
CDL Driver Grapevine TX,Dallas
CDL Driver Bedford TX,Dallas
CDL Driver Coppell TX,Dallas
CDL Driver Lancaster TX,Dallas
CDL Driver DeSoto TX,Dallas
CDL Driver Duncanville TX,Dallas
CDL Driver Cedar Hill TX,Dallas
CDL Driver Rockwall TX,Dallas
CDL Driver Rowlett TX,Dallas
CDL Driver Wylie TX,Dallas
CDL Driver Forney TX,Dallas
CDL Driver Balch Springs TX,Dallas